Date,Comment_ID,Requester,Task_Summary,Start_Time,End_Time,Duration_Minutes,Duration_Seconds,Commit_Hash,Tokens_Used,Model,Estimated_Cost
2026-02-12,698dfbd0dcb1a86dceede907,Ofer Rashkes,Position boundary clamping - prevent dragging outside compartment ranges,18:22:35,18:27:45,5,10,c44cc3d,3240,claude-haiku-4-5,0.018
2026-02-12,698dff5c2279c9602b8ba10e,Ofer Rashkes,Add permanent central position width index tooltip below each package,18:32:14,18:33:51,1,37,a93c5c8,2100,claude-haiku-4-5,0.001
2026-02-12,698e0050d5c6e6eba1d1c1e2,Ofer Rashkes,Improve JSON upload error handling with helpful error messages,18:35:32,18:36:27,0,55,c21bd36,3500,claude-haiku-4-5,0.002
2026-02-12,698e02c68a3a429eefa9bcd6,Ofer Rashkes,Center tooltip on package itself - not on graph,18:40:15,18:41:27,1,12,08964ae,1200,claude-haiku-4-5,0.009
2026-02-12,698e0326ec716a5d8d2419b3,Ofer Rashkes,Add hover tooltips on packages with data,18:42:08,18:43:03,0,55,6327a29,1500,claude-haiku-4-5,0.011
2026-02-12,698e021944719ce1c9bc6372,Avihai,Fix: Hover tooltip shows everywhere - add boundary checking,19:38,19:40,2,0,9e56a53,2500,claude-haiku-4-5,0.0010
2026-02-12,698e017081c2bd7bd77be1d6,Avihai,Fix: Tooltip badge not centered on package - improve positioning,19:38,19:40,2,0,9e56a53,2500,claude-haiku-4-5,0.0010
2026-02-12,698e1dcee648d9b47624b83a,Fallback Todo,Fix drag-to-remove event handling in Placed Items list,20:44:00,20:52:34,8,34,665f1d3,12000,claude-haiku-4-5,0.0042
2026-02-12,698e22ed297ff210eb121676,Fallback Todo,Fix: Package disappears when dragging to different compartment,20:53:08,20:58:53,5,45,68b9afe,2800,claude-haiku-4-5,0.008
2026-02-12T20:24:13Z,Email to Elisha,Send elisha email with instructions on adding tasks to Trello board workflow,Completed - Draft Ready,5m,0.01,,,,,,
2026-02-12,698e30f9d1ed4995a8e9cbd9,Ofer Rashkes,"Move width index tooltip below axis, add vertical connector line for each package",22:32:00,22:40:30,8,30,d44f3d4,2500,claude-haiku-4-5,0.012
2026-02-12,698e400649b84e1d72f7ff7b,Ofer Rashkes,Fix package dragging behavior - maintain grab point offset,23:01:00,23:02:01,1,1,3637941,850,claude-haiku-4-5,0.003
2026-02-12,Monitor-23:09,System,"Cron Monitor Check - No unresponded comments found",23:09:00,23:09:30,0,30,HEAD,0,claude-haiku-4-5,0.000
2026-02-12,698e137a916fc68d682ba72c,Ofer Rashkes,Add close (X) button to placed items for quick removal,23:32:00,23:35:36,3,36,903fb1b,4500,claude-haiku-4-5,0.003
2026-02-12,Monitor-23:42,System,"Cron Monitor Check - No unresponded comments found",23:42:00,23:43:45,1,45,HEAD,2800,claude-haiku-4-5,0.002
2026-02-13,Monitor-00:43,System,"Cron Monitor Check - No unresponded comments found",00:43:00,00:43:45,0,45,HEAD,850,claude-haiku-4-5,0.000
2026-02-13,698e5f96452abae689415a1e,Ofer Rashkes,Tag version in git with all features,02:04:00,02:05:30,1,30,bfb9e4a,2100,claude-haiku-4-5,0.001
2026-02-13,698e5fe3b7c375be227dfec1,Ofer Rashkes,Create option to change containers order index,02:05:30,02:10:50,5,20,594f071,8900,claude-haiku-4-5,0.005
2026-02-13,698e6025837700e728b28221,Ofer Rashkes,Prevent overlapping packages during drop,02:10:50,02:18:05,7,15,0455860,11200,claude-haiku-4-5,0.006
2026-02-13,698e6723983d2eade4e182e3,Ofer Rashkes,Prevent gateway timeout with auto-restart,02:18:05,02:26:50,8,45,7cc010f,13500,claude-haiku-4-5,0.007
2026-02-14,698ec32177331250836ff95c,Ofer Rashkes,Dark Mode - Multiple themes with system detection and white-label customization,04:18:00,04:30:45,12,45,09065c7,28000,claude-haiku-4-5,0.084
2026-02-14,698e017081c2bd7bd77be1d6,Avihai,Fix: Tooltip badge positioning - restore center alignment on package,06:19,06:22,0,3,4dc9640,500,claude-haiku-4-5,0.001
2026-02-14,232-drag-drop,Subagent,"IMPLEMENT: All 3 Drag-Drop Fixes - Labels overlap, boundary escape, misalignment",12:19:00,12:30:00,11,0,4cb5fe1,40000,claude-haiku-4-5,0.015
